-- phpMyAdmin SQL Dump
-- version 4.6.4
-- https://www.phpmyadmin.net/
--
-- Host: 127.0.0.1
-- Generation Time: Jan 17, 2020 at 12:57 PM
-- Server version: 5.7.14
-- PHP Version: 5.6.25

SET SQL_MODE = "NO_AUTO_VALUE_ON_ZERO";
SET time_zone = "+00:00";


/*!40101 SET @OLD_CHARACTER_SET_CLIENT=@@CHARACTER_SET_CLIENT */;
/*!40101 SET @OLD_CHARACTER_SET_RESULTS=@@CHARACTER_SET_RESULTS */;
/*!40101 SET @OLD_COLLATION_CONNECTION=@@COLLATION_CONNECTION */;
/*!40101 SET NAMES utf8mb4 */;

--
-- Database: `recruitment`
--

-- --------------------------------------------------------

--
-- Table structure for table `achievement_details`
--

CREATE TABLE `achievement_details` (
  `personal_id` int(11) NOT NULL COMMENT 'track reference id by personal',
  `set_net` varchar(10) NOT NULL,
  `nat_journals` tinyint(4) NOT NULL,
  `int_journals` tinyint(4) NOT NULL,
  `sem_journals` tinyint(4) NOT NULL,
  `published_book` tinyint(4) NOT NULL,
  `known_languages` varchar(120) NOT NULL,
  `eng_read` varchar(10) NOT NULL,
  `eng_speak` varchar(10) NOT NULL,
  `eng_write` varchar(10) NOT NULL,
  `typing_tamil` varchar(10) NOT NULL,
  `typing_english` varchar(10) NOT NULL,
  `comp_knowledge` varchar(10) NOT NULL,
  `created_at` timestamp NOT NULL DEFAULT CURRENT_TIMESTAMP,
  `modified_at` timestamp NULL DEFAULT NULL
) ENGINE=MyISAM DEFAULT CHARSET=latin1;

--
-- Dumping data for table `achievement_details`
--

INSERT INTO `achievement_details` (`personal_id`, `set_net`, `nat_journals`, `int_journals`, `sem_journals`, `published_book`, `known_languages`, `eng_read`, `eng_speak`, `eng_write`, `typing_tamil`, `typing_english`, `comp_knowledge`, `created_at`, `modified_at`) VALUES
(1, 'No', 0, 0, 0, 0, 'Tamil, English', 'Read', '', '', 'Lower', 'Higher', 'Yes', '2020-01-10 05:02:44', NULL),
(3, 'No', 0, 0, 0, 0, 'Tamil, English', 'Read', 'Speak', 'Write', 'Lower', 'Higher', 'Yes', '2020-01-10 05:16:44', NULL),
(6, 'No', 0, 0, 0, 0, 'test', 'Read', '', '', 'Lower', 'Higher', 'Yes', '2020-01-17 12:00:19', NULL);

-- --------------------------------------------------------

--
-- Table structure for table `admin`
--

CREATE TABLE `admin` (
  `id` int(11) NOT NULL,
  `roll_type_id` tinyint(4) NOT NULL,
  `username` varchar(20) NOT NULL,
  `email` varchar(55) NOT NULL,
  `password` varchar(55) NOT NULL,
  `status` tinyint(4) NOT NULL,
  `created_at` timestamp NOT NULL DEFAULT CURRENT_TIMESTAMP,
  `created_by` tinyint(4) NOT NULL
) ENGINE=MyISAM DEFAULT CHARSET=latin1;

--
-- Dumping data for table `admin`
--

INSERT INTO `admin` (`id`, `roll_type_id`, `username`, `email`, `password`, `status`, `created_at`, `created_by`) VALUES
(1, 0, 'developer', 'admin@gmail.com', '5e8edd851d2fdfbd7415232c67367cc3', 1, '2019-11-19 08:43:39', 0),
(2, 1, 'admin', 'admin@gmail.com', '21232f297a57a5a743894a0e4a801fc3', 1, '2019-11-19 08:45:12', 0);

-- --------------------------------------------------------

--
-- Table structure for table `caste_name`
--

CREATE TABLE `caste_name` (
  `caste_id` bigint(3) NOT NULL,
  `ccname` varchar(255) DEFAULT NULL,
  `ccgroup` varchar(8) DEFAULT NULL
) ENGINE=InnoDB DEFAULT CHARSET=latin1 ROW_FORMAT=COMPACT;

--
-- Dumping data for table `caste_name`
--

INSERT INTO `caste_name` (`caste_id`, `ccname`, `ccgroup`) VALUES
(1, 'Adiyan', 'ST'),
(2, 'Aranadan', 'ST'),
(3, 'Eravallan ', 'ST'),
(4, 'Irular', 'ST'),
(5, 'Kadar', 'ST'),
(6, 'Kammara', 'ST'),
(7, 'Kanikaran', 'ST'),
(8, 'Kanikkar', 'ST'),
(9, 'Kaniyan', 'ST'),
(10, 'Kanyan', 'ST'),
(11, 'Kattunayakan', 'ST'),
(12, 'Kochu Velan', 'ST'),
(13, 'Konda Kapus', 'ST'),
(14, 'Kondareddis', 'ST'),
(15, 'Koraga', 'ST'),
(16, 'Kota', 'ST'),
(17, 'Kudiya', 'ST'),
(18, 'Melakudi', 'ST'),
(19, 'Kurichchan', 'ST'),
(20, 'Kurumbas', 'ST'),
(21, 'Kurumans', 'ST'),
(22, 'Maha Malasar', 'ST'),
(23, 'Malai Arayan', 'ST'),
(24, 'Malai Pandaram', 'ST'),
(25, 'Malai Vedan', 'ST'),
(26, 'Malakkuravan', 'ST'),
(27, 'Malasar', 'ST'),
(28, 'Malayali', 'ST'),
(29, 'Malayakandi', 'ST'),
(30, 'Mannan', 'ST'),
(31, 'Mudugar', 'ST'),
(32, 'Muduvan', 'ST'),
(33, 'Muthuvan', 'ST'),
(34, 'Pallayan', 'ST'),
(35, 'Palliyan', 'ST'),
(36, 'Palliyar', 'ST'),
(37, 'Paniyan', 'ST'),
(38, 'Sholaga', 'ST'),
(39, 'Toda', 'ST'),
(40, 'Uraly', 'ST'),
(41, 'Adi Dravida', 'SC'),
(42, 'Adi Karnataka', 'SC'),
(43, 'Ajila', 'SC'),
(44, 'Ayyanavar', 'SC'),
(45, 'Baira', 'SC'),
(46, 'Bakuda', 'SC'),
(47, 'Bandi', 'SC'),
(48, 'Bellara', 'SC'),
(49, 'Bharatar', 'SC'),
(50, 'Chalavadi', 'SC'),
(51, 'Chamar', 'SC'),
(52, 'Muchi', 'SC'),
(53, 'Chandala', 'SC'),
(54, 'Cheruman', 'SC'),
(55, 'Devendrakulathan', 'SC'),
(56, 'Dom', 'SC'),
(57, 'Dombara', 'SC'),
(58, 'Paidi', 'SC'),
(59, 'Pano', 'SC'),
(60, 'Domban', 'SC'),
(61, 'Godagali', 'SC'),
(62, 'Godda', 'SC'),
(63, 'Gosargi', 'SC'),
(64, 'Holeya', 'SC'),
(65, 'Jaggali', 'SC'),
(66, 'Jambuvulu', 'SC'),
(67, 'Kadaiyan', 'SC'),
(68, 'Kakkalan', 'SC'),
(69, 'Kalladi', 'SC'),
(70, 'Kanakkan', 'SC'),
(71, 'Padanna', 'SC'),
(72, 'Karimpalan', 'SC'),
(73, 'Kavara', 'SC'),
(74, 'Koliyan', 'SC'),
(75, 'Koosa', 'SC'),
(76, 'Kootan', 'SC'),
(77, 'Koodan', 'SC'),
(78, 'Kudumban', 'SC'),
(79, 'Kuravan', 'SC'),
(80, 'Sidhanar', 'SC'),
(81, 'Maila', 'SC'),
(82, 'Mala', 'SC'),
(83, 'Mannan', 'SC'),
(84, 'Mavilan', 'SC'),
(85, 'Moger', 'SC'),
(86, 'Mundala', 'SC'),
(87, 'Nalakeyava', 'SC'),
(88, 'Nayadi', 'SC'),
(89, 'Padannan', 'SC'),
(90, 'Pallan', 'SC'),
(91, 'Pulluvan', 'SC'),
(92, 'Pambada', 'SC'),
(93, 'Panan', 'SC'),
(94, 'Panchama', 'SC'),
(95, 'Pannadi', 'SC'),
(96, 'Panniandi', 'SC'),
(97, 'Paraiyan', 'SC'),
(98, 'Parayan', 'SC'),
(99, 'Sambavar', 'SC'),
(100, 'Paravan', 'SC'),
(101, 'Pathiyan', 'SC'),
(102, 'Pulayan', 'SC'),
(103, 'Cheramar', 'SC'),
(104, 'Puthirai Vannan', 'SC'),
(105, 'Raneyar', 'SC'),
(106, 'Samagara', 'SC'),
(107, 'Samban', 'SC'),
(108, 'Sapari', 'SC'),
(109, 'Semman', 'SC'),
(110, 'Thandan', 'SC'),
(111, 'Tiruvalluvar', 'SC'),
(112, 'Vallon', 'SC'),
(113, 'Valluvan', 'SC'),
(114, 'Vannan', 'SC'),
(115, 'Vathiriyan', 'SC'),
(116, 'Velan', 'SC'),
(117, 'Venganur Adi-Dravidar', 'SC'),
(118, 'Veppur Parayan', 'SC'),
(119, 'Vetan', 'SC'),
(120, 'Vettiyan', 'SC'),
(121, 'Vettuvan', 'SC'),
(122, 'Adi Andhra', 'SCA'),
(123, 'Arunthathiyar', 'SCA'),
(124, 'Chakkiliyan', 'SCA'),
(125, 'Madari', 'SCA'),
(126, 'Madiga', 'SCA'),
(127, 'Pagadai', 'SCA'),
(128, 'Thoti', 'SCA'),
(129, 'Ambalakarar', 'MBC/DNC'),
(130, 'Andipandaram', 'MBC/DNC'),
(131, 'Arayar', 'MBC/DNC'),
(132, 'Bestha', 'MBC/DNC'),
(133, 'Siviar', 'MBC/DNC'),
(134, 'Bhatraju', 'MBC/DNC'),
(135, 'Boyar', 'MBC/DNC'),
(136, 'Oddar', 'MBC/DNC'),
(137, 'Dasari', 'MBC/DNC'),
(138, 'Dommara', 'MBC/DNC'),
(139, 'Eravallar', 'MBC/DNC'),
(140, 'Isaivellalar', 'MBC/DNC'),
(141, 'Jambuvanodai', 'MBC/DNC'),
(142, 'Jangam', 'MBC/DNC'),
(143, 'Jogi', 'MBC/DNC'),
(144, 'Kongu Chettiar', 'MBC/DNC'),
(145, 'Koracha', 'MBC/DNC'),
(146, 'Kulala', 'MBC/DNC'),
(147, 'Kuyavar', 'MBC/DNC'),
(148, 'Kumbarar', 'MBC/DNC'),
(149, 'Kunnuvar Mannadi', 'MBC/DNC'),
(150, 'Kurumba', 'MBC/DNC'),
(151, 'Kurumba Goundar ', 'MBC/DNC'),
(152, 'Kuruhini Chetty', 'MBC/DNC'),
(153, 'Latin Catholic Christian Vannar', 'MBC/DNC'),
(154, 'Maruthuvar', 'MBC/DNC'),
(155, 'Navithar', 'MBC/DNC'),
(156, 'Mangala', 'MBC/DNC'),
(157, 'Velakattalavar', 'MBC/DNC'),
(158, 'Velakatalanair', 'MBC/DNC'),
(159, 'Pronopakari', 'MBC/DNC'),
(160, 'Mond Golla', 'MBC/DNC'),
(161, 'Moundadan Chetty', 'MBC/DNC'),
(162, 'Mahendra', 'MBC/DNC'),
(163, 'Medara', 'MBC/DNC'),
(164, 'Mutlakampatti', 'MBC/DNC'),
(165, 'Narikoravar (Kuruvikars)', 'MBC/DNC'),
(166, 'Nokkar', 'MBC/DNC'),
(167, 'Panisaivan / Panisivan', 'MBC/DNC'),
(168, 'Vanniakula Kshatriya', 'MBC/DNC'),
(169, 'Vanniyar', 'MBC/DNC'),
(170, 'Vanniya', 'MBC/DNC'),
(171, 'Vannia Gounder', 'MBC/DNC'),
(172, 'Gounder', 'MBC/DNC'),
(173, 'Kander', 'MBC/DNC'),
(174, 'Padayachi', 'MBC/DNC'),
(175, 'Palli', 'MBC/DNC'),
(176, 'Agnikula Kshatriya', 'MBC/DNC'),
(177, 'Paravar', 'MBC/DNC'),
(178, 'Paravar converts to Christianity', 'MBC/DNC'),
(179, 'Meenavar', 'MBC/DNC'),
(180, 'Parvatharajakulam', 'MBC/DNC'),
(181, 'Pattanavar', 'MBC/DNC'),
(182, 'Sembadavar', 'MBC/DNC'),
(183, 'Mukkuvar', 'MBC/DNC'),
(184, 'Mukayar', 'MBC/DNC'),
(185, 'Punnan Vettuva Gounder', 'MBC/DNC'),
(186, 'Pannayar', 'MBC/DNC'),
(187, 'Sathatha Srivaishnava', 'MBC/DNC'),
(188, 'Sathani', 'MBC/DNC'),
(189, 'Chattadi', 'MBC/DNC'),
(190, 'Chattada Srivaishnava', 'MBC/DNC'),
(191, 'Sozhia Chetty', 'MBC/DNC'),
(192, 'Telugupatty Chetty', 'MBC/DNC'),
(193, 'Thottia Naicker ', 'MBC/DNC'),
(194, 'Rajakambalam', 'MBC/DNC'),
(195, 'Gollavar', 'MBC/DNC'),
(196, 'Sillavar', 'MBC/DNC'),
(197, 'Thockalavar', 'MBC/DNC'),
(198, 'Thozhuva Naicker', 'MBC/DNC'),
(199, 'Erragollar ', 'MBC/DNC'),
(200, 'Thondaman', 'MBC/DNC'),
(201, 'Thoraiyar (Nilgiris)', 'MBC/DNC'),
(202, 'Thoraiyar (Plains)', 'MBC/DNC'),
(203, 'Valaiyar', 'MBC/DNC'),
(204, 'Chettinad Valayars', 'MBC/DNC'),
(205, 'Vannar', 'MBC/DNC'),
(206, 'Salaivai Thozhilalar', 'MBC/DNC'),
(207, 'Agasa', 'MBC/DNC'),
(208, 'Madivala', 'MBC/DNC'),
(209, 'Ekali', 'MBC/DNC'),
(210, 'Rajakula', 'MBC/DNC'),
(211, 'Veluthadar', 'MBC/DNC'),
(212, 'Rajaka ', 'MBC/DNC'),
(213, 'Vettaikarar', 'MBC/DNC'),
(214, 'Vettuva Gounder', 'MBC/DNC'),
(215, 'Yogeeswarar ', 'MBC/DNC'),
(216, 'Attur Kilnad Koravars', 'MBC/DNC'),
(217, 'Attur Melnad Koravars', 'MBC/DNC'),
(218, 'Appanad Kondayam Kottai Maravar', 'MBC/DNC'),
(219, 'Ambalakarar', 'MBC/DNC'),
(220, 'Ambalakkarar', 'MBC/DNC'),
(221, 'Boyas', 'MBC/DNC'),
(222, 'Battu Turkas', 'MBC/DNC'),
(223, 'C.K. Koravars', 'MBC/DNC'),
(224, 'Chakkala', 'MBC/DNC'),
(225, 'Changyampudi Koravars', 'MBC/DNC'),
(226, 'Chettinad Valayars', 'MBC/DNC'),
(227, 'Dombs', 'MBC/DNC'),
(228, 'Dobba Koravars', 'MBC/DNC'),
(229, 'Dommars', 'MBC/DNC'),
(230, 'Donga Boya', 'MBC/DNC'),
(231, 'Donga Ur. Korachas', 'MBC/DNC'),
(232, 'Devagudi Talayaris', 'MBC/DNC'),
(233, 'Dobbai Korachas', 'MBC/DNC'),
(234, 'Dabi Koravars', 'MBC/DNC'),
(235, 'Donga Dasaris', 'MBC/DNC'),
(236, 'Gorrela Dodda Boya', 'MBC/DNC'),
(237, 'Gudu Dasaris', 'MBC/DNC'),
(238, 'Gandarvakottai Koravars', 'MBC/DNC'),
(239, 'Gandarvakottai Kallars', 'MBC/DNC'),
(240, 'Inji Koravars', 'MBC/DNC'),
(241, 'Jogis', 'MBC/DNC'),
(242, 'Jambavanodai', 'MBC/DNC'),
(243, 'Kaladis', 'MBC/DNC'),
(244, 'Kal Oddars', 'MBC/DNC'),
(245, 'Koravars', 'MBC/DNC'),
(246, 'Kalinji Dabikoravars', 'MBC/DNC'),
(247, 'Kootappal Kallars', 'MBC/DNC'),
(248, 'Kala Koravars', 'MBC/DNC'),
(249, 'Kalavathila Boyas', 'MBC/DNC'),
(250, 'Kepmaris', 'MBC/DNC'),
(251, 'Maravars', 'MBC/DNC'),
(252, 'Monda Koravars', 'MBC/DNC'),
(253, 'Monda Golla', 'MBC/DNC'),
(254, 'Mutlakampatti', 'MBC/DNC'),
(255, 'Nokkars', 'MBC/DNC'),
(256, 'Nellorepet Oddars', 'MBC/DNC'),
(257, 'Oddars', 'MBC/DNC'),
(258, 'Pedda Boyas', 'MBC/DNC'),
(259, 'Ponnai Koravars', 'MBC/DNC'),
(260, 'Piramalai Kallars', 'MBC/DNC'),
(261, 'Periya Suriyur Kallars', 'MBC/DNC'),
(262, 'Padayachi', 'MBC/DNC'),
(263, 'Punnan Vettuva Gounder', 'MBC/DNC'),
(264, 'Servai', 'MBC/DNC'),
(265, 'Salem Melnad Koravars', 'MBC/DNC'),
(266, 'Salem Uppu Koravars', 'MBC/DNC'),
(267, 'Sakkaraithamadai Koravars', 'MBC/DNC'),
(268, 'Saranga Palli Koravars', 'MBC/DNC'),
(269, 'Sooramari Oddars', 'MBC/DNC'),
(270, 'Sembanad Maravars', 'MBC/DNC'),
(271, 'Thalli Koravars', 'MBC/DNC'),
(272, 'Telungapatti Chettis', 'MBC/DNC'),
(273, 'Thottia Naickers', 'MBC/DNC'),
(274, 'Thogamalai Koravars', 'MBC/DNC'),
(275, 'Kepmaris', 'MBC/DNC'),
(276, 'Uppukoravars', 'MBC/DNC'),
(277, 'Settipalli Koravars', 'MBC/DNC'),
(278, 'Urali Gounders', 'MBC/DNC'),
(279, 'Wayalpad', 'MBC/DNC'),
(280, 'Nawalpeta Korachas', 'MBC/DNC'),
(281, 'Vaduvarpatti Koravars', 'MBC/DNC'),
(282, 'Valayars', 'MBC/DNC'),
(283, 'Vettaikarar', 'MBC/DNC'),
(284, 'Vetta koravars', 'MBC/DNC'),
(285, 'Varaganeri Koravars', 'MBC/DNC'),
(286, 'Vettuva Gounder', 'MBC/DNC'),
(287, 'Agamudayar', 'BC'),
(288, 'Thozhu', 'BC'),
(289, 'Thuluva Vellala', 'BC'),
(290, 'Agaram Vellan Chettiar', 'BC'),
(291, 'Alwar', 'BC'),
(292, 'Azhavar', 'BC'),
(293, 'Alavar', 'BC'),
(294, 'Servai', 'BC'),
(295, 'Nulayar', 'BC'),
(296, 'Archakarai Vellala', 'BC'),
(297, 'Aryavathi', 'BC'),
(298, 'Ayira Vaisyar', 'BC'),
(299, 'Badagar', 'BC'),
(300, 'Billava', 'BC'),
(301, 'Bondil', 'BC'),
(302, 'Boyas', 'BC'),
(303, 'Pedda Boyar', 'BC'),
(304, 'Oddars', 'BC'),
(305, 'Kaloddars', 'BC'),
(306, 'Nellorepet Oddars', 'BC'),
(307, 'Sooramari Oddars', 'BC'),
(308, 'Chakkala', 'BC'),
(309, 'Chavalakarar', 'BC'),
(310, 'Chettu', 'BC'),
(311, 'Chetty', 'BC'),
(312, 'Chowdry', 'BC'),
(313, 'Converts to Christianity from Scheduled Castes', 'BC'),
(314, 'C.S.I. formerly S.I.U.C. ', 'BC'),
(315, 'Donga Dasaris', 'BC'),
(316, 'Devangar', 'BC'),
(317, 'Sedar', 'BC'),
(318, 'Dombs', 'BC'),
(319, 'Dommars ', 'BC'),
(320, 'Enadi', 'BC'),
(321, 'Ezhavathy', 'BC'),
(322, 'Ezhuthachar', 'BC'),
(323, 'Ezhuva', 'BC'),
(324, 'Gangavar', 'BC'),
(325, 'Gavara', 'BC'),
(326, 'Gavarai', 'BC'),
(327, 'Vadugar', 'BC'),
(328, 'Vaduvar', 'BC'),
(329, 'Gounder', 'BC'),
(330, 'Gowda', 'BC'),
(331, 'Gammala', 'BC'),
(332, 'Kalali', 'BC'),
(333, 'Anuppa Gounder', 'BC'),
(334, 'Hegde', 'BC'),
(335, 'Idiga', 'BC'),
(336, 'Illathu Pillaimar', 'BC'),
(337, 'Illuvar', 'BC'),
(338, 'Ezhuvar', 'BC'),
(339, 'Illathar', 'BC'),
(340, 'Jhetty', 'BC'),
(341, 'Jogis', 'BC'),
(342, 'Kabbera', 'BC'),
(343, 'Kaikolar', 'BC'),
(344, 'Sengunthar', 'BC'),
(345, 'Kaladi', 'BC'),
(346, 'Kalari Kurup', 'BC'),
(347, 'Kalari Panicker', 'BC'),
(348, 'Kalingi', 'BC'),
(349, 'Kallar', 'BC'),
(350, 'Easanattu Kallar', 'BC'),
(351, 'Gandharvakottai Kallars', 'BC'),
(352, 'Kottappal Kallars', 'BC'),
(353, 'Piramalai Kallars', 'BC'),
(354, 'Periyasooriyur Kallars', 'BC'),
(355, 'Kallar Kula Thondaman', 'BC'),
(356, 'Kalveli Gounder', 'BC'),
(357, 'Kambar', 'BC'),
(358, 'Kammalar', 'BC'),
(359, 'Viswakarma', 'BC'),
(360, 'Viswakarmala', 'BC'),
(361, 'Thattar', 'BC'),
(362, 'Porkollar', 'BC'),
(363, 'Kannar', 'BC'),
(364, 'Karumar', 'BC'),
(365, 'Kollar', 'BC'),
(366, 'Thacher', 'BC'),
(367, 'Kal Thacher', 'BC'),
(368, 'Kamsala', 'BC'),
(369, 'Viswabrahmin', 'BC'),
(370, 'Kani', 'BC'),
(371, 'Kanisu', 'BC'),
(372, 'Kaniyar Panikkar', 'BC'),
(373, 'Kaniyala Vellalar', 'BC'),
(374, 'Kannada Saineegar', 'BC'),
(375, 'Kannadiyar', 'BC'),
(376, 'Kannadiya Naidu', 'BC'),
(377, 'Karpoora Chettiar', 'BC'),
(378, 'Karuneegar', 'BC'),
(379, 'Seer Karuneegar', 'BC'),
(380, 'Sri Karuneegar', 'BC'),
(381, 'Sarattu Karuneegar', 'BC'),
(382, 'Kaikatti Karuneegar', 'BC'),
(383, 'Mathuvazhi Kanakkar', 'BC'),
(384, 'Sozhi Kanakkar', 'BC'),
(385, 'Sunnambu Karuneegar', 'BC'),
(386, 'Kasukkara Chettiar ', 'BC'),
(387, 'Katesar Pattamkatti', 'BC'),
(388, 'Kavuthiyar', 'BC'),
(389, 'Kerala Mudali', 'BC'),
(390, 'Kharvi', 'BC'),
(391, 'Khatri', 'BC'),
(392, 'Kongu Vaishnava', 'BC'),
(393, 'Kongu Vellalars', 'BC'),
(394, 'Vellala Gounder', 'BC'),
(395, 'Nattu Gounder', 'BC'),
(396, 'Narambukatti Gounder', 'BC'),
(397, 'Tirumudi Vellalar', 'BC'),
(398, 'Thondu Vellalar', 'BC'),
(399, 'Pala Gounder', 'BC'),
(400, 'Poosari Gounder', 'BC'),
(401, 'Anuppa Vellala Gounder', 'BC'),
(402, 'Padaithalai Gounder', 'BC'),
(403, 'Chendalai Gounder', 'BC'),
(404, 'Pavalankatti Vellala Gounder', 'BC'),
(405, 'Palla Vellala Gounder', 'BC'),
(406, 'Sanku Vellala Gounder', 'BC'),
(407, 'Rathinagiri Gounder', 'BC'),
(408, 'Koppala Velama ', 'BC'),
(409, 'Koteyar', 'BC'),
(410, 'Krishnanvaka', 'BC'),
(411, 'Kudikara Vellalar', 'BC'),
(412, 'Kudumbi', 'BC'),
(413, 'Kuga Vellalar', 'BC'),
(414, 'Kunchidigar', 'BC'),
(415, 'Latin Catholics except Latin Catholic Vannar', 'BC'),
(416, 'Latin Catholics', 'BC'),
(417, 'Lambadi', 'BC'),
(418, 'Lingayat', 'BC'),
(419, 'Jangama', 'BC'),
(420, 'Mahratta (NonBrahmin)', 'BC'),
(421, 'Namadev Mahratta', 'BC'),
(422, 'Malayar', 'BC'),
(423, 'Male', 'BC'),
(424, 'Maniagar', 'BC'),
(425, 'Maravars', 'BC'),
(426, 'Karumaravars', 'BC'),
(427, 'Appanad Kondayamkottai Maravar', 'BC'),
(428, 'Sambanad Maravars ', 'BC'),
(429, 'Moondrumandai Enbathunalu (84) Ur. Sozhia Vellalar', 'BC'),
(430, 'Mooppan', 'BC'),
(431, 'Muthuraja', 'BC'),
(432, 'Muthuracha', 'BC'),
(433, 'Muttiriyar', 'BC'),
(434, 'Mutharaiyar', 'BC'),
(435, 'Nadar', 'BC'),
(436, 'Shanar', 'BC'),
(437, 'Gramani', 'BC'),
(438, 'Christian Nadar', 'BC'),
(439, 'Christian Shanar', 'BC'),
(440, 'Christian Gramani', 'BC'),
(441, 'Nagaram', 'BC'),
(442, 'Naikkar', 'BC'),
(443, 'Nangudi Vellalar', 'BC'),
(444, 'Nanjil Mudali', 'BC'),
(445, 'Odar', 'BC'),
(446, 'Odiya', 'BC'),
(447, 'Oottruvalanattu Vellalar', 'BC'),
(448, 'O.P.S. Vellalar', 'BC'),
(449, 'Ovachar', 'BC'),
(450, 'Paiyur Kotta Vellalar', 'BC'),
(451, 'Pamulu', 'BC'),
(452, 'Panar', 'BC'),
(453, 'Pandiya Vellalar', 'BC'),
(454, 'Omitted', 'BC'),
(455, 'Kathikarar', 'BC'),
(456, 'Pannirandam Chettiar', 'BC'),
(457, 'Uthama Chettiar', 'BC'),
(458, 'Parkavakulam', 'BC'),
(459, 'Surithimar Nathamar', 'BC'),
(460, 'Malayamar', 'BC'),
(461, 'Moopanar', 'BC'),
(462, 'Nainar', 'BC'),
(463, 'Perike', 'BC'),
(464, 'Perike Balija', 'BC'),
(465, 'Perumkollar', 'BC'),
(466, 'Podikara Vellalar', 'BC'),
(467, 'Pooluva Gounder', 'BC'),
(468, 'Poraya', 'BC'),
(469, 'Pulavar', 'BC'),
(470, 'Pulluvar', 'BC'),
(471, 'Pooluvar', 'BC'),
(472, 'Pusala', 'BC'),
(473, 'Reddy (Ganjam)', 'BC'),
(474, 'Sadhu Chetty', 'BC'),
(475, 'Telugu Chetty', 'BC'),
(476, 'Twenty four manai Telugu Chetty', 'BC'),
(477, 'Sakkaravar', 'BC'),
(478, 'Kavathi', 'BC'),
(479, 'Salivagana', 'BC'),
(480, 'Saliyar', 'BC'),
(481, 'Padmasaliyar', 'BC'),
(482, 'Pattusaliyar', 'BC'),
(483, 'Pattariyar', 'BC'),
(484, 'Adhaviyar', 'BC'),
(485, 'Savalakkarar', 'BC'),
(486, 'Senaithalaivar', 'BC'),
(487, 'Senaikudiyar', 'BC'),
(488, 'IIaivaniar', 'BC'),
(489, 'Serakula Vellalar', 'BC'),
(490, 'Sourashtra (Patnulkarar)', 'BC'),
(491, 'Sozhia Vellalar', 'BC'),
(492, 'Sozha Vellalar', 'BC'),
(493, 'Vetrilaikarar', 'BC'),
(494, 'Kodikalkarar', 'BC'),
(495, 'Keeraikarar', 'BC'),
(496, 'Srisayar', 'BC'),
(497, 'Sundaram Chetty', 'BC'),
(498, 'Thogatta Veerakshatriya', 'BC'),
(499, 'Tholkollar', 'BC'),
(500, 'Tholuva Naicker', 'BC'),
(501, 'Vetalakara Naicker', 'BC'),
(502, 'Omitted', 'BC'),
(503, 'Thoriyar', 'BC'),
(504, 'Ukkirakula Kshatriya Naicker', 'BC'),
(505, 'Uppara', 'BC'),
(506, 'Uppillia', 'BC'),
(507, 'Sagara', 'BC'),
(508, 'Urali Gounder', 'BC'),
(509, 'Orudaya Gounder', 'BC'),
(510, 'Oorudaya Gounder', 'BC'),
(511, 'Urikkara Nayakkar', 'BC'),
(512, 'Virakodi Vellala', 'BC'),
(513, 'Vallambar', 'BC'),
(514, 'Vallanattu Chettiar', 'BC'),
(515, 'Valmiki', 'BC'),
(516, 'Vaniyar', 'BC'),
(517, 'Vania Chettiar', 'BC'),
(518, 'Gandla', 'BC'),
(519, 'Ganika', 'BC'),
(520, 'Telikula', 'BC'),
(521, 'Chekkalar', 'BC'),
(522, 'Veduvar', 'BC'),
(523, 'Vedar ', 'BC'),
(524, 'Veerasaiva', 'BC'),
(525, 'Velar', 'BC'),
(526, 'Vellan Chettiar', 'BC'),
(527, 'Veluthodathu Nair', 'BC'),
(528, 'Vokkaligar', 'BC'),
(529, 'Vakkaligar', 'BC'),
(530, 'Okkaligar', 'BC'),
(531, 'Kappaliyar', 'BC'),
(532, 'Kappiliya', 'BC'),
(533, 'Okkaliga Gowda', 'BC'),
(534, 'Okkaliya-Gowder', 'BC'),
(535, 'Okkaliya-Gowda', 'BC'),
(536, 'Okkaliya Gowda', 'BC'),
(537, 'Wynad Chetty', 'BC'),
(538, 'Yadhava', 'BC'),
(539, 'Idaiyar', 'BC'),
(540, 'Telugu Speaking Idaiyar known as Vaduga Ayar', 'BC'),
(541, 'Vaduga Idaiyar', 'BC'),
(542, 'Golla and Asthanthra Golla', 'BC'),
(543, 'Yavana', 'BC'),
(544, 'Yerukula', 'BC'),
(545, 'Converts to Christianity from any Hindu BC or MBC/DNC', 'BC'),
(546, 'Orphans and destitutes children', 'BC'),
(547, 'Ansar', 'BCM'),
(548, 'Dekkani Muslims', 'BCM'),
(549, 'Dudekula', 'BCM'),
(550, 'Labbais', 'BCM'),
(551, 'Rowthar', 'BCM'),
(552, 'Marakayar', 'BCM'),
(553, 'Mapilla', 'BCM'),
(554, 'Sheik', 'BCM'),
(555, 'Syed', 'BCM'),
(556, 'Others', 'Others');

-- --------------------------------------------------------

--
-- Table structure for table `city`
--

CREATE TABLE `city` (
  `sno` int(11) NOT NULL,
  `city` varchar(100) NOT NULL,
  `state` varchar(100) NOT NULL,
  `country` varchar(100) NOT NULL
) ENGINE=InnoDB DEFAULT CHARSET=latin1;

--
-- Dumping data for table `city`
--

INSERT INTO `city` (`sno`, `city`, `state`, `country`) VALUES
(1, 'Adilabad', 'Andhra Pradesh', 'INDIA'),
(3, 'Chittoor', 'Andhra Pradesh', 'INDIA'),
(4, 'Kakinada', 'Andhra Pradesh', 'INDIA'),
(5, 'Guntur', 'Andhra Pradesh', 'INDIA'),
(6, 'Hyderabad', 'Andhra Pradesh', 'INDIA'),
(7, 'Kadapa', 'Andhra Pradesh', 'INDIA'),
(8, 'Karimnagar', 'Andhra Pradesh', 'INDIA'),
(9, 'Khammam', 'Andhra Pradesh', 'INDIA'),
(10, 'Machilipatnam', 'Andhra Pradesh', 'INDIA'),
(12, 'Mahabubnagar', 'Andhra Pradesh', 'INDIA'),
(13, 'Sangareddi', 'Andhra Pradesh', 'INDIA'),
(14, 'Nalgonda', 'Andhra Pradesh', 'INDIA'),
(15, 'Nellore', 'Andhra Pradesh', 'INDIA'),
(16, 'Nizamabad', 'Andhra Pradesh', 'INDIA'),
(17, 'Ongole', 'Andhra Pradesh', 'INDIA'),
(18, 'Hyderabad', 'Andhra Pradesh', 'INDIA'),
(19, 'Srikakulam', 'Andhra Pradesh', 'INDIA'),
(20, 'Vishakhapatnam', 'Andhra Pradesh', 'INDIA'),
(21, 'Vizianagaram', 'Andhra Pradesh', 'INDIA'),
(22, 'Warangal', 'Andhra Pradesh', 'INDIA'),
(23, 'Eluru', 'Andhra Pradesh', 'INDIA'),
(24, 'Hawai', 'Arunachal Pradesh', 'INDIA'),
(25, 'Changlang', 'Arunachal Pradesh', 'INDIA'),
(26, 'Seppa', 'Arunachal Pradesh', 'INDIA'),
(27, 'Pasighat', 'Arunachal Pradesh', 'INDIA'),
(28, 'Tezu', 'Arunachal Pradesh', 'INDIA'),
(29, 'Ziro', 'Arunachal Pradesh', 'INDIA'),
(30, 'Yupia', 'Arunachal Pradesh', 'INDIA'),
(31, 'Tawang Town', 'Arunachal Pradesh', 'INDIA'),
(32, 'Khonsa', 'Arunachal Pradesh', 'INDIA'),
(33, 'Anini', 'Arunachal Pradesh', 'INDIA'),
(34, 'Yingkiong', 'Arunachal Pradesh', 'INDIA'),
(35, 'Daporijo', 'Arunachal Pradesh', 'INDIA'),
(36, 'Bomdila', 'Arunachal Pradesh', 'INDIA'),
(37, 'Along', 'Arunachal Pradesh', 'INDIA'),
(38, 'Barpeta', 'Assam', 'INDIA'),
(39, 'Bongaigaon', 'Assam', 'INDIA'),
(40, 'Silchar', 'Assam', 'INDIA'),
(41, 'Mangaldai', 'Assam', 'INDIA'),
(42, 'Dhemaji', 'Assam', 'INDIA'),
(43, 'Dhubri', 'Assam', 'INDIA'),
(44, 'Dibrugarh', 'Assam', 'INDIA'),
(45, 'Goalpara', 'Assam', 'INDIA'),
(46, 'Golaghat', 'Assam', 'INDIA'),
(47, 'Hailakandi', 'Assam', 'INDIA'),
(48, 'Jorhat', 'Assam', 'INDIA'),
(49, 'Diphu', 'Assam', 'INDIA'),
(50, 'Karimganj', 'Assam', 'INDIA'),
(51, 'Kokrajhar', 'Assam', 'INDIA'),
(52, 'Lakhimpur', 'Assam', 'INDIA'),
(53, 'Marigaon', 'Assam', 'INDIA'),
(54, 'Nagaon', 'Assam', 'INDIA'),
(55, 'Nalbari', 'Assam', 'INDIA'),
(56, 'Haflong', 'Assam', 'INDIA'),
(57, 'Sibsagar', 'Assam', 'INDIA'),
(58, 'Tezpur', 'Assam', 'INDIA'),
(59, 'Tinsukia', 'Assam', 'INDIA'),
(60, 'Araria', 'Bihar', 'INDIA'),
(61, 'Arwal', 'Bihar', 'INDIA'),
(62, 'Aurangabad', 'Bihar', 'INDIA'),
(63, 'Banka', 'Bihar', 'INDIA'),
(64, 'Begusarai', 'Bihar', 'INDIA'),
(65, 'Bhagalpur', 'Bihar', 'INDIA'),
(66, 'Arrah', 'Bihar', 'INDIA'),
(67, 'Buxar', 'Bihar', 'INDIA'),
(68, 'Darbhanga', 'Bihar', 'INDIA'),
(69, 'Motihari', 'Bihar', 'INDIA'),
(70, 'Gaya', 'Bihar', 'INDIA'),
(71, 'Gopalganj', 'Bihar', 'INDIA'),
(72, 'Jamui', 'Bihar', 'INDIA'),
(73, 'Jehanabad', 'Bihar', 'INDIA'),
(74, 'Khagaria', 'Bihar', 'INDIA'),
(75, 'Kishanganj', 'Bihar', 'INDIA'),
(76, 'Bhabua', 'Bihar', 'INDIA'),
(77, 'Katihar', 'Bihar', 'INDIA'),
(78, 'Lakhisarai', 'Bihar', 'INDIA'),
(79, 'Madhubani', 'Bihar', 'INDIA'),
(80, 'Munger', 'Bihar', 'INDIA'),
(81, 'Madhepura', 'Bihar', 'INDIA'),
(82, 'Muzaffarpur', 'Bihar', 'INDIA'),
(83, 'Bihar Sharif', 'Bihar', 'INDIA'),
(84, 'Nawada', 'Bihar', 'INDIA'),
(85, 'Patna', 'Bihar', 'INDIA'),
(86, 'Purnia', 'Bihar', 'INDIA'),
(87, 'Sasaram', 'Bihar', 'INDIA'),
(88, 'Saharsa', 'Bihar', 'INDIA'),
(89, 'Samastipur', 'Bihar', 'INDIA'),
(90, 'Sheohar', 'Bihar', 'INDIA'),
(91, 'Sheikhpura', 'Bihar', 'INDIA'),
(92, 'Chhapra', 'Bihar', 'INDIA'),
(93, 'Sitamarhi', 'Bihar', 'INDIA'),
(94, 'Supaul', 'Bihar', 'INDIA'),
(95, 'Siwan', 'Bihar', 'INDIA'),
(96, 'Hajipur', 'Bihar', 'INDIA'),
(97, 'Bettiah', 'Bihar', 'INDIA'),
(98, 'Jagdalpur', 'Chhattisgarh', 'INDIA'),
(99, 'Bijapur', 'Chhattisgarh', 'INDIA'),
(100, 'Bilaspur', 'Chhattisgarh', 'INDIA'),
(101, 'Dantewada', 'Chhattisgarh', 'INDIA'),
(102, 'Dhamtari', 'Chhattisgarh', 'INDIA'),
(103, 'Durg', 'Chhattisgarh', 'INDIA'),
(104, 'Jashpur', 'Chhattisgarh', 'INDIA'),
(105, 'Naila Janjgir', 'Chhattisgarh', 'INDIA'),
(106, 'Korba', 'Chhattisgarh', 'INDIA'),
(107, 'Koriya', 'Chhattisgarh', 'INDIA'),
(108, 'Kanker', 'Chhattisgarh', 'INDIA'),
(109, 'Kawardha', 'Chhattisgarh', 'INDIA'),
(110, 'Mahasamund', 'Chhattisgarh', 'INDIA'),
(111, 'Narayanpur', 'Chhattisgarh', 'INDIA'),
(112, 'Raigarh', 'Chhattisgarh', 'INDIA'),
(113, 'Rajnandgaon', 'Chhattisgarh', 'INDIA'),
(114, 'Raipur', 'Chhattisgarh', 'INDIA'),
(115, 'Ambikapur', 'Chhattisgarh', 'INDIA'),
(116, 'Darya Ganj', 'Delhi', 'INDIA'),
(117, 'Preet Vihar', 'Delhi', 'INDIA'),
(118, 'Connaught Place', 'Delhi', 'INDIA'),
(119, 'Sadar Bazar', 'Delhi', 'INDIA'),
(120, 'Shahdara', 'Delhi', 'INDIA'),
(121, 'Kanjhawala', 'Delhi', 'INDIA'),
(122, 'Saket', 'Delhi', 'INDIA'),
(123, 'Vasant Vihar', 'Delhi', 'INDIA'),
(124, 'Rajouri Garden', 'Delhi', 'INDIA'),
(125, 'Panaji', 'Goa', 'INDIA'),
(126, 'Margao', 'Goa', 'INDIA'),
(127, 'Ahmedabad', 'Gujarat', 'INDIA'),
(128, 'Amreli', 'Gujarat', 'INDIA'),
(129, 'Anand', 'Gujarat', 'INDIA'),
(130, 'Palanpur', 'Gujarat', 'INDIA'),
(131, 'Bharuch', 'Gujarat', 'INDIA'),
(132, 'Bhavnagar', 'Gujarat', 'INDIA'),
(133, 'Dahod', 'Gujarat', 'INDIA'),
(134, 'Ahwa', 'Gujarat', 'INDIA'),
(135, 'Gandhinagar', 'Gujarat', 'INDIA'),
(136, 'Jamnagar', 'Gujarat', 'INDIA'),
(137, 'Junagadh', 'Gujarat', 'INDIA'),
(138, 'Bhuj', 'Gujarat', 'INDIA'),
(139, 'Kheda', 'Gujarat', 'INDIA'),
(140, 'Mehsana', 'Gujarat', 'INDIA'),
(141, 'Rajpipla', 'Gujarat', 'INDIA'),
(142, 'Navsari', 'Gujarat', 'INDIA'),
(143, 'Patan', 'Gujarat', 'INDIA'),
(144, 'Godhra', 'Gujarat', 'INDIA'),
(145, 'Porbandar', 'Gujarat', 'INDIA'),
(146, 'Rajkot', 'Gujarat', 'INDIA'),
(147, 'Himmatnagar', 'Gujarat', 'INDIA'),
(148, 'Surendranagar', 'Gujarat', 'INDIA'),
(149, 'Surat', 'Gujarat', 'INDIA'),
(150, 'Vadodara', 'Gujarat', 'INDIA'),
(151, 'Valsad', 'Gujarat', 'INDIA'),
(152, 'Ambala', 'Haryana', 'INDIA'),
(153, 'Bhiwani', 'Haryana', 'INDIA'),
(154, 'Faridabad', 'Haryana', 'INDIA'),
(155, 'Fatehabad', 'Haryana', 'INDIA'),
(156, 'Gurgaon', 'Haryana', 'INDIA'),
(157, 'Hissar', 'Haryana', 'INDIA'),
(158, 'Jhajjar', 'Haryana', 'INDIA'),
(159, 'Jind', 'Haryana', 'INDIA'),
(160, 'Karnal', 'Haryana', 'INDIA'),
(161, 'Kaithal', 'Haryana', 'INDIA'),
(162, 'Kurukshetra', 'Haryana', 'INDIA'),
(163, 'Narnaul', 'Haryana', 'INDIA'),
(164, 'Nuh', 'Haryana', 'INDIA'),
(165, 'Panchkula', 'Haryana', 'INDIA'),
(166, 'Panipat', 'Haryana', 'INDIA'),
(167, 'Rewari', 'Haryana', 'INDIA'),
(168, 'Rohtak', 'Haryana', 'INDIA'),
(169, 'Sirsa', 'Haryana', 'INDIA'),
(170, 'Sonepat', 'Haryana', 'INDIA'),
(171, 'Yamuna Nagar', 'Haryana', 'INDIA'),
(172, 'Palwal', 'Haryana', 'INDIA'),
(173, 'Bilaspur', 'Himachal Pradesh', 'INDIA'),
(174, 'Chamba', 'Himachal Pradesh', 'INDIA'),
(175, 'Hamirpur', 'Himachal Pradesh', 'INDIA'),
(176, 'Dharamasala', 'Himachal Pradesh', 'INDIA'),
(177, 'Reckong Peo', 'Himachal Pradesh', 'INDIA'),
(178, 'Kulu', 'Himachal Pradesh', 'INDIA'),
(179, 'Keylong', 'Himachal Pradesh', 'INDIA'),
(181, 'Shimla', 'Himachal Pradesh', 'INDIA'),
(182, 'Nahan', 'Himachal Pradesh', 'INDIA'),
(183, 'Solan', 'Himachal Pradesh', 'INDIA'),
(184, 'Una', 'Himachal Pradesh', 'INDIA'),
(185, 'Anantnag', 'Jammu and Kashmir', 'INDIA'),
(186, 'Badgam', 'Jammu and Kashmir', 'INDIA'),
(187, 'Bandipore', 'Jammu and Kashmir', 'INDIA'),
(188, 'Baramula', 'Jammu and Kashmir', 'INDIA'),
(189, 'Doda', 'Jammu and Kashmir', 'INDIA'),
(190, 'Jammu', 'Jammu and Kashmir', 'INDIA'),
(191, 'Kargil', 'Jammu and Kashmir', 'INDIA'),
(192, 'Kathua', 'Jammu and Kashmir', 'INDIA'),
(193, 'Leh', 'Jammu and Kashmir', 'INDIA'),
(194, 'Poonch', 'Jammu and Kashmir', 'INDIA'),
(195, 'Pulwama', 'Jammu and Kashmir', 'INDIA'),
(196, 'Rajauri', 'Jammu and Kashmir', 'INDIA'),
(197, 'Srinagar', 'Jammu and Kashmir', 'INDIA'),
(198, 'Samba', 'Jammu and Kashmir', 'INDIA'),
(199, 'Udhampur', 'Jammu and Kashmir', 'INDIA'),
(200, 'Bokaro', 'Jharkhand', 'INDIA'),
(201, 'Chatra', 'Jharkhand', 'INDIA'),
(202, 'Deoghar', 'Jharkhand', 'INDIA'),
(203, 'Dhanbad', 'Jharkhand', 'INDIA'),
(204, 'Dumka', 'Jharkhand', 'INDIA'),
(205, 'Jamshedpur', 'Jharkhand', 'INDIA'),
(206, 'Garhwa', 'Jharkhand', 'INDIA'),
(207, 'Giridih', 'Jharkhand', 'INDIA'),
(208, 'Godda', 'Jharkhand', 'INDIA'),
(209, 'Gumla', 'Jharkhand', 'INDIA'),
(210, 'Hazaribag', 'Jharkhand', 'INDIA'),
(211, 'Koderma', 'Jharkhand', 'INDIA'),
(212, 'Lohardaga', 'Jharkhand', 'INDIA'),
(213, 'Pakur', 'Jharkhand', 'INDIA'),
(214, 'Daltonganj', 'Jharkhand', 'INDIA'),
(215, 'Ranchi', 'Jharkhand', 'INDIA'),
(216, 'Sahibganj', 'Jharkhand', 'INDIA'),
(217, 'Seraikela', 'Jharkhand', 'INDIA'),
(218, 'Chaibasa', 'Jharkhand', 'INDIA'),
(219, 'Ramgarh', 'Jharkhand', 'INDIA'),
(220, 'Bidar', 'Karnataka', 'INDIA'),
(221, 'Belgaum', 'Karnataka', 'INDIA'),
(222, 'Bijapur', 'Karnataka', 'INDIA'),
(223, 'Bagalkot', 'Karnataka', 'INDIA'),
(224, 'Bellary', 'Karnataka', 'INDIA'),
(225, 'Bangalore', 'Karnataka', 'INDIA'),
(226, 'Bangalore', 'Karnataka', 'INDIA'),
(227, 'Chamarajanagar', 'Karnataka', 'INDIA'),
(228, 'Chikmagalur', 'Karnataka', 'INDIA'),
(229, 'Chitradurga', 'Karnataka', 'INDIA'),
(230, 'Davanagere', 'Karnataka', 'INDIA'),
(231, 'Dharwad', 'Karnataka', 'INDIA'),
(232, 'Mangalore', 'Karnataka', 'INDIA'),
(233, 'Gadag', 'Karnataka', 'INDIA'),
(234, 'Gulbarga', 'Karnataka', 'INDIA'),
(235, 'Hassan', 'Karnataka', 'INDIA'),
(236, 'Haveri', 'Karnataka', 'INDIA'),
(237, 'Madikeri', 'Karnataka', 'INDIA'),
(238, 'Kolar', 'Karnataka', 'INDIA'),
(239, 'Koppal', 'Karnataka', 'INDIA'),
(240, 'Mandya', 'Karnataka', 'INDIA'),
(241, 'Mysore', 'Karnataka', 'INDIA'),
(242, 'Raichur', 'Karnataka', 'INDIA'),
(243, 'Shimoga', 'Karnataka', 'INDIA'),
(244, 'Tumkur', 'Karnataka', 'INDIA'),
(245, 'Udupi', 'Karnataka', 'INDIA'),
(246, 'Karwar', 'Karnataka', 'INDIA'),
(247, 'Ramanagara', 'Karnataka', 'INDIA'),
(248, 'Chikballapur', 'Karnataka', 'INDIA'),
(249, 'Yadgir', 'Karnataka', 'INDIA'),
(250, 'Alappuzha', 'Kerala', 'INDIA'),
(251, 'Kakkanad', 'Kerala', 'INDIA'),
(252, 'Painavu', 'Kerala', 'INDIA'),
(253, 'Kollam', 'Kerala', 'INDIA'),
(254, 'Kannur', 'Kerala', 'INDIA'),
(255, 'Kasaragod', 'Kerala', 'INDIA'),
(256, 'Kottayam', 'Kerala', 'INDIA'),
(257, 'Kozhikode', 'Kerala', 'INDIA'),
(258, 'Malappuram', 'Kerala', 'INDIA'),
(259, 'Palakkad', 'Kerala', 'INDIA'),
(260, 'Pathanamthitta', 'Kerala', 'INDIA'),
(261, 'Thrissur', 'Kerala', 'INDIA'),
(262, 'Thiruvananthapuram', 'Kerala', 'INDIA'),
(263, 'Kalpetta', 'Kerala', 'INDIA'),
(264, 'Alirajpur', 'Madhya Pradesh', 'INDIA'),
(265, 'Anuppur', 'Madhya Pradesh', 'INDIA'),
(266, 'Ashok Nagar', 'Madhya Pradesh', 'INDIA'),
(267, 'Balaghat', 'Madhya Pradesh', 'INDIA'),
(268, 'Barwani', 'Madhya Pradesh', 'INDIA'),
(269, 'Betul', 'Madhya Pradesh', 'INDIA'),
(270, 'Bhind', 'Madhya Pradesh', 'INDIA'),
(271, 'Bhopal', 'Madhya Pradesh', 'INDIA'),
(272, 'Burhanpur', 'Madhya Pradesh', 'INDIA'),
(273, 'Chhatarpur', 'Madhya Pradesh', 'INDIA'),
(274, 'Chhindwara', 'Madhya Pradesh', 'INDIA'),
(275, 'Damoh', 'Madhya Pradesh', 'INDIA'),
(276, 'Datia', 'Madhya Pradesh', 'INDIA'),
(277, 'Dewas', 'Madhya Pradesh', 'INDIA'),
(278, 'Dhar', 'Madhya Pradesh', 'INDIA'),
(279, 'Dindori', 'Madhya Pradesh', 'INDIA'),
(280, 'Guna', 'Madhya Pradesh', 'INDIA'),
(281, 'Gwalior', 'Madhya Pradesh', 'INDIA'),
(282, 'Harda', 'Madhya Pradesh', 'INDIA'),
(283, 'Hoshangabad', 'Madhya Pradesh', 'INDIA'),
(284, 'Indore', 'Madhya Pradesh', 'INDIA'),
(285, 'Jabalpur', 'Madhya Pradesh', 'INDIA'),
(286, 'Jhabua', 'Madhya Pradesh', 'INDIA'),
(287, 'Katni', 'Madhya Pradesh', 'INDIA'),
(288, 'Khandwa', 'Madhya Pradesh', 'INDIA'),
(289, 'Khargone', 'Madhya Pradesh', 'INDIA'),
(290, 'Mandla', 'Madhya Pradesh', 'INDIA'),
(291, 'Mandsaur', 'Madhya Pradesh', 'INDIA'),
(292, 'Morena', 'Madhya Pradesh', 'INDIA'),
(293, 'Narsinghpur', 'Madhya Pradesh', 'INDIA'),
(294, 'Neemuch', 'Madhya Pradesh', 'INDIA'),
(295, 'Panna', 'Madhya Pradesh', 'INDIA'),
(296, 'Rewa', 'Madhya Pradesh', 'INDIA'),
(297, 'Rajgarh', 'Madhya Pradesh', 'INDIA'),
(298, 'Ratlam', 'Madhya Pradesh', 'INDIA'),
(299, 'Raisen', 'Madhya Pradesh', 'INDIA'),
(300, 'Sagar', 'Madhya Pradesh', 'INDIA'),
(301, 'Satna', 'Madhya Pradesh', 'INDIA'),
(302, 'Sehore', 'Madhya Pradesh', 'INDIA'),
(303, 'Seoni', 'Madhya Pradesh', 'INDIA'),
(304, 'Shahdol', 'Madhya Pradesh', 'INDIA'),
(305, 'Shajapur', 'Madhya Pradesh', 'INDIA'),
(306, 'Sheopur', 'Madhya Pradesh', 'INDIA'),
(307, 'Shivpuri', 'Madhya Pradesh', 'INDIA'),
(308, 'Sidhi', 'Madhya Pradesh', 'INDIA'),
(309, 'Waidhan', 'Madhya Pradesh', 'INDIA'),
(310, 'Tikamgarh', 'Madhya Pradesh', 'INDIA'),
(311, 'Ujjain', 'Madhya Pradesh', 'INDIA'),
(312, 'Umaria', 'Madhya Pradesh', 'INDIA'),
(313, 'Vidisha', 'Madhya Pradesh', 'INDIA'),
(314, 'Ahmednagar', 'Maharashtra', 'INDIA'),
(315, 'Akola', 'Maharashtra', 'INDIA'),
(316, 'Amravati', 'Maharashtra', 'INDIA'),
(317, 'Aurangabad', 'Maharashtra', 'INDIA'),
(318, 'Bhandara', 'Maharashtra', 'INDIA'),
(319, 'Beed', 'Maharashtra', 'INDIA'),
(320, 'Buldhana', 'Maharashtra', 'INDIA'),
(321, 'Chandrapur', 'Maharashtra', 'INDIA'),
(322, 'Dhule', 'Maharashtra', 'INDIA'),
(323, 'Gadchiroli', 'Maharashtra', 'INDIA'),
(324, 'Gondia', 'Maharashtra', 'INDIA'),
(325, 'Hingoli', 'Maharashtra', 'INDIA'),
(326, 'Jalgaon', 'Maharashtra', 'INDIA'),
(327, 'Jalna', 'Maharashtra', 'INDIA'),
(328, 'Kolhapur', 'Maharashtra', 'INDIA'),
(329, 'Latur', 'Maharashtra', 'INDIA'),
(330, 'Bandra (East)', 'Maharashtra', 'INDIA'),
(331, 'Nandurbar', 'Maharashtra', 'INDIA'),
(332, 'Nanded', 'Maharashtra', 'INDIA'),
(333, 'Nagpur', 'Maharashtra', 'INDIA'),
(334, 'Nashik', 'Maharashtra', 'INDIA'),
(335, 'Osmanabad', 'Maharashtra', 'INDIA'),
(336, 'Parbhani', 'Maharashtra', 'INDIA'),
(337, 'Pune', 'Maharashtra', 'INDIA'),
(338, 'Alibag', 'Maharashtra', 'INDIA'),
(339, 'Ratnagiri', 'Maharashtra', 'INDIA'),
(340, 'Oras', 'Maharashtra', 'INDIA'),
(341, 'Sangli', 'Maharashtra', 'INDIA'),
(342, 'Solapur', 'Maharashtra', 'INDIA'),
(343, 'Satara', 'Maharashtra', 'INDIA'),
(344, 'Thane', 'Maharashtra', 'INDIA'),
(345, 'Wardha', 'Maharashtra', 'INDIA'),
(346, 'Washim', 'Maharashtra', 'INDIA'),
(347, 'Yavatmal', 'Maharashtra', 'INDIA'),
(348, 'Bishnupur', 'Manipur', 'INDIA'),
(349, 'Churachandpur', 'Manipur', 'INDIA'),
(350, 'Chandel', 'Manipur', 'INDIA'),
(351, 'Porompat', 'Manipur', 'INDIA'),
(352, 'Senapati', 'Manipur', 'INDIA'),
(353, 'Tamenglong', 'Manipur', 'INDIA'),
(354, 'Thoubal', 'Manipur', 'INDIA'),
(355, 'Ukhrul', 'Manipur', 'INDIA'),
(356, 'Lamphelpat', 'Manipur', 'INDIA'),
(357, 'Williamnagar', 'Meghalaya', 'INDIA'),
(358, 'Shillong', 'Meghalaya', 'INDIA'),
(359, 'Jowai', 'Meghalaya', 'INDIA'),
(360, 'Nongpoh', 'Meghalaya', 'INDIA'),
(361, 'Baghmara', 'Meghalaya', 'INDIA'),
(362, 'Tura', 'Meghalaya', 'INDIA'),
(363, 'Nongstoin', 'Meghalaya', 'INDIA'),
(364, 'Aizawl', 'Mizoram', 'INDIA'),
(365, 'Champhai', 'Mizoram', 'INDIA'),
(366, 'Kolasib', 'Mizoram', 'INDIA'),
(367, 'Lawngtlai', 'Mizoram', 'INDIA'),
(368, 'Lunglei', 'Mizoram', 'INDIA'),
(369, 'Mamit', 'Mizoram', 'INDIA'),
(370, 'Saiha', 'Mizoram', 'INDIA'),
(371, 'Serchhip', 'Mizoram', 'INDIA'),
(372, 'Dimapur', 'Nagaland', 'INDIA'),
(373, 'Kohima', 'Nagaland', 'INDIA'),
(374, 'Mokokchung', 'Nagaland', 'INDIA'),
(375, 'Mon', 'Nagaland', 'INDIA'),
(376, 'Phek', 'Nagaland', 'INDIA'),
(377, 'Tuensang', 'Nagaland', 'INDIA'),
(378, 'Wokha', 'Nagaland', 'INDIA'),
(379, 'Zunheboto', 'Nagaland', 'INDIA'),
(380, 'Angul', 'Odisha', 'INDIA'),
(381, 'Boudh', 'Odisha', 'INDIA'),
(382, 'Bhadrak', 'Odisha', 'INDIA'),
(383, 'Balangir', 'Odisha', 'INDIA'),
(384, 'Bargarh', 'Odisha', 'INDIA'),
(385, 'Balasore', 'Odisha', 'INDIA'),
(386, 'Cuttack', 'Odisha', 'INDIA'),
(387, 'Debagarh', 'Odisha', 'INDIA'),
(388, 'Dhenkanal', 'Odisha', 'INDIA'),
(389, 'Chhatrapur', 'Odisha', 'INDIA'),
(390, 'Paralakhemundi', 'Odisha', 'INDIA'),
(391, 'Jharsuguda', 'Odisha', 'INDIA'),
(392, 'Panikoili', 'Odisha', 'INDIA'),
(393, 'Jagatsinghpur', 'Odisha', 'INDIA'),
(394, 'Bhubaneswar', 'Odisha', 'INDIA'),
(395, 'Kendujhar', 'Odisha', 'INDIA'),
(396, 'Bhawanipatna', 'Odisha', 'INDIA'),
(397, 'Phulbani', 'Odisha', 'INDIA'),
(398, 'Koraput', 'Odisha', 'INDIA'),
(399, 'Kendrapara', 'Odisha', 'INDIA'),
(400, 'Malkangiri', 'Odisha', 'INDIA'),
(401, 'Baripada', 'Odisha', 'INDIA'),
(402, 'Nabarangapur', 'Odisha', 'INDIA'),
(403, 'Nuapada', 'Odisha', 'INDIA'),
(404, 'Nayagarh', 'Odisha', 'INDIA'),
(405, 'Puri', 'Odisha', 'INDIA'),
(406, 'Rayagada', 'Odisha', 'INDIA'),
(407, 'Sambalpur', 'Odisha', 'INDIA'),
(408, 'Subarnapur', 'Odisha', 'INDIA'),
(409, 'Sundargarh', 'Odisha', 'INDIA'),
(410, 'Karaikal', 'Puducherry', 'INDIA'),
(411, 'Pandakkal', 'Puducherry', 'INDIA'),
(412, 'Puducherry', 'Puducherry', 'INDIA'),
(413, 'Yanam', 'Puducherry', 'INDIA'),
(414, 'Amritsar', 'Punjab', 'INDIA'),
(415, 'Bathinda', 'Punjab', 'INDIA'),
(416, 'Firozpur', 'Punjab', 'INDIA'),
(417, 'Faridkot', 'Punjab', 'INDIA'),
(418, 'Fatehgarh Sahib', 'Punjab', 'INDIA'),
(419, 'Gurdaspur', 'Punjab', 'INDIA'),
(420, 'Hoshiarpur', 'Punjab', 'INDIA'),
(421, 'Jalandhar', 'Punjab', 'INDIA'),
(422, 'Kapurthala', 'Punjab', 'INDIA'),
(423, 'Ludhiana', 'Punjab', 'INDIA'),
(424, 'Mansa', 'Punjab', 'INDIA'),
(425, 'Moga', 'Punjab', 'INDIA'),
(426, 'Mukatsar', 'Punjab', 'INDIA'),
(427, 'Nawanshahr', 'Punjab', 'INDIA'),
(428, 'Patiala', 'Punjab', 'INDIA'),
(429, 'Rupnagar', 'Punjab', 'INDIA'),
(430, 'Sangrur', 'Punjab', 'INDIA'),
(431, 'Ajmer', 'Rajasthan', 'INDIA'),
(432, 'Alwar', 'Rajasthan', 'INDIA'),
(433, 'Bikaner', 'Rajasthan', 'INDIA'),
(434, 'Barmer', 'Rajasthan', 'INDIA'),
(435, 'Banswara', 'Rajasthan', 'INDIA'),
(436, 'Bharatpur', 'Rajasthan', 'INDIA'),
(437, 'Baran', 'Rajasthan', 'INDIA'),
(438, 'Bundi', 'Rajasthan', 'INDIA'),
(439, 'Bhilwara', 'Rajasthan', 'INDIA'),
(440, 'Churu', 'Rajasthan', 'INDIA'),
(441, 'Chittorgarh', 'Rajasthan', 'INDIA'),
(442, 'Dausa', 'Rajasthan', 'INDIA'),
(443, 'Dholpur', 'Rajasthan', 'INDIA'),
(444, 'Dungarpur', 'Rajasthan', 'INDIA'),
(445, 'Ganganagar', 'Rajasthan', 'INDIA'),
(446, 'Hanumangarh', 'Rajasthan', 'INDIA'),
(447, 'Jhunjhunu', 'Rajasthan', 'INDIA'),
(448, 'Jalore', 'Rajasthan', 'INDIA'),
(449, 'Jodhpur', 'Rajasthan', 'INDIA'),
(450, 'Jaipur', 'Rajasthan', 'INDIA'),
(451, 'Jaisalmer', 'Rajasthan', 'INDIA'),
(452, 'Jhalawar', 'Rajasthan', 'INDIA'),
(453, 'Karauli', 'Rajasthan', 'INDIA'),
(454, 'Kota', 'Rajasthan', 'INDIA'),
(455, 'Nagaur', 'Rajasthan', 'INDIA'),
(456, 'Pali', 'Rajasthan', 'INDIA'),
(457, 'Pratapgarh', 'Rajasthan', 'INDIA'),
(458, 'Rajsamand', 'Rajasthan', 'INDIA'),
(459, 'Sikar', 'Rajasthan', 'INDIA'),
(460, 'Sawai Madhopur', 'Rajasthan', 'INDIA'),
(461, 'Sirohi', 'Rajasthan', 'INDIA'),
(462, 'Tonk', 'Rajasthan', 'INDIA'),
(463, 'Udaipur', 'Rajasthan', 'INDIA'),
(464, 'Gangtok', 'Sikkim', 'INDIA'),
(465, 'Mangan', 'Sikkim', 'INDIA'),
(466, 'Namchi', 'Sikkim', 'INDIA'),
(467, 'Geyzing', 'Sikkim', 'INDIA'),
(468, 'Ariyalur', 'Tamil Nadu', 'INDIA'),
(469, 'Chennai', 'Tamil Nadu', 'INDIA'),
(470, 'Coimbatore', 'Tamil Nadu', 'INDIA'),
(471, 'Cuddalore', 'Tamil Nadu', 'INDIA'),
(472, 'Dharmapuri', 'Tamil Nadu', 'INDIA'),
(473, 'Dindigul', 'Tamil Nadu', 'INDIA'),
(474, 'Erode', 'Tamil Nadu', 'INDIA'),
(475, 'Kanchipuram', 'Tamil Nadu', 'INDIA'),
(476, 'Nagercoil', 'Tamil Nadu', 'INDIA'),
(477, 'Karur', 'Tamil Nadu', 'INDIA'),
(478, 'Madurai', 'Tamil Nadu', 'INDIA'),
(479, 'Nagapattinam', 'Tamil Nadu', 'INDIA'),
(480, 'Udagamandalam (Ootacamund)', 'Tamil Nadu', 'INDIA'),
(481, 'Namakkal', 'Tamil Nadu', 'INDIA'),
(482, 'Perambalur', 'Tamil Nadu', 'INDIA'),
(483, 'Pudukkottai', 'Tamil Nadu', 'INDIA'),
(484, 'Ramanathapuram', 'Tamil Nadu', 'INDIA'),
(485, 'Salem', 'Tamil Nadu', 'INDIA'),
(486, 'Sivaganga', 'Tamil Nadu', 'INDIA'),
(487, 'Tiruppur', 'Tamil Nadu', 'INDIA'),
(488, 'Tiruchirappalli', 'Tamil Nadu', 'INDIA'),
(489, 'Theni', 'Tamil Nadu', 'INDIA'),
(490, 'Tirunelveli', 'Tamil Nadu', 'INDIA'),
(491, 'Thanjavur', 'Tamil Nadu', 'INDIA'),
(492, 'Thoothukudi (Tuticorin)', 'Tamil Nadu', 'INDIA'),
(493, 'Thiruvallur', 'Tamil Nadu', 'INDIA'),
(494, 'Thiruvarur', 'Tamil Nadu', 'INDIA'),
(495, 'Tiruvannamalai', 'Tamil Nadu', 'INDIA'),
(496, 'Vellore', 'Tamil Nadu', 'INDIA'),
(497, 'Viluppuram', 'Tamil Nadu', 'INDIA'),
(498, 'Virudhunagar', 'Tamil Nadu', 'INDIA'),
(499, 'Ambassa', 'Tripura', 'INDIA'),
(500, 'Kailasahar', 'Tripura', 'INDIA'),
(501, 'Udaipur', 'Tripura', 'INDIA'),
(502, 'Agartala', 'Tripura', 'INDIA'),
(503, 'Agra', 'Uttar Pradesh', 'INDIA'),
(504, 'Allahabad', 'Uttar Pradesh', 'INDIA'),
(505, 'Aligarh', 'Uttar Pradesh', 'INDIA'),
(506, 'Akbarpur', 'Uttar Pradesh', 'INDIA'),
(507, 'Auraiya', 'Uttar Pradesh', 'INDIA'),
(508, 'Azamgarh', 'Uttar Pradesh', 'INDIA'),
(509, 'Barabanki', 'Uttar Pradesh', 'INDIA'),
(510, 'Budaun', 'Uttar Pradesh', 'INDIA'),
(511, 'Bagpat', 'Uttar Pradesh', 'INDIA'),
(512, 'Bahraich', 'Uttar Pradesh', 'INDIA'),
(513, 'Bijnor', 'Uttar Pradesh', 'INDIA'),
(514, 'Ballia', 'Uttar Pradesh', 'INDIA'),
(515, 'Banda', 'Uttar Pradesh', 'INDIA'),
(516, 'Balrampur', 'Uttar Pradesh', 'INDIA'),
(517, 'Bareilly', 'Uttar Pradesh', 'INDIA'),
(518, 'Basti', 'Uttar Pradesh', 'INDIA'),
(519, 'Bulandshahar', 'Uttar Pradesh', 'INDIA'),
(520, 'Chandauli', 'Uttar Pradesh', 'INDIA'),
(521, 'Gauriganj', 'Uttar Pradesh', 'INDIA'),
(522, 'Chitrakoot', 'Uttar Pradesh', 'INDIA'),
(523, 'Deoria', 'Uttar Pradesh', 'INDIA'),
(524, 'Etah', 'Uttar Pradesh', 'INDIA'),
(525, 'Kasganj', 'Uttar Pradesh', 'INDIA'),
(526, 'Etawah', 'Uttar Pradesh', 'INDIA'),
(527, 'Firozabad', 'Uttar Pradesh', 'INDIA'),
(528, 'Fatehgarh', 'Uttar Pradesh', 'INDIA'),
(529, 'Fatehpur', 'Uttar Pradesh', 'INDIA'),
(530, 'Faizabad', 'Uttar Pradesh', 'INDIA'),
(531, 'Noida', 'Uttar Pradesh', 'INDIA'),
(532, 'Gonda', 'Uttar Pradesh', 'INDIA'),
(533, 'Ghazipur', 'Uttar Pradesh', 'INDIA'),
(534, 'Gorakhpur', 'Uttar Pradesh', 'INDIA'),
(535, 'Ghaziabad', 'Uttar Pradesh', 'INDIA'),
(536, 'Hamirpur', 'Uttar Pradesh', 'INDIA'),
(537, 'Hardoi', 'Uttar Pradesh', 'INDIA'),
(538, 'Hathras', 'Uttar Pradesh', 'INDIA'),
(539, 'Jhansi', 'Uttar Pradesh', 'INDIA'),
(540, 'Orai', 'Uttar Pradesh', 'INDIA'),
(541, 'Amroha', 'Uttar Pradesh', 'INDIA'),
(542, 'Jaunpur', 'Uttar Pradesh', 'INDIA'),
(543, 'Akbarpur', 'Uttar Pradesh', 'INDIA'),
(544, 'Kannauj', 'Uttar Pradesh', 'INDIA'),
(545, 'Kanpur', 'Uttar Pradesh', 'INDIA'),
(546, 'Manjhanpur', 'Uttar Pradesh', 'INDIA'),
(547, 'Padarauna', 'Uttar Pradesh', 'INDIA'),
(548, 'Lalitpur', 'Uttar Pradesh', 'INDIA'),
(549, 'Kheri', 'Uttar Pradesh', 'INDIA'),
(550, 'Lucknow', 'Uttar Pradesh', 'INDIA'),
(551, 'Mau', 'Uttar Pradesh', 'INDIA'),
(552, 'Meerut', 'Uttar Pradesh', 'INDIA'),
(553, 'Maharajganj', 'Uttar Pradesh', 'INDIA'),
(554, 'Mahoba', 'Uttar Pradesh', 'INDIA'),
(555, 'Mirzapur', 'Uttar Pradesh', 'INDIA'),
(556, 'Moradabad', 'Uttar Pradesh', 'INDIA'),
(557, 'Mainpuri', 'Uttar Pradesh', 'INDIA'),
(558, 'Mathura', 'Uttar Pradesh', 'INDIA'),
(559, 'Muzaffarnagar', 'Uttar Pradesh', 'INDIA'),
(560, 'Pilibhit', 'Uttar Pradesh', 'INDIA'),
(561, 'Pratapgarh', 'Uttar Pradesh', 'INDIA'),
(562, 'Rampur', 'Uttar Pradesh', 'INDIA'),
(563, 'Raebareli', 'Uttar Pradesh', 'INDIA'),
(564, 'Saharanpur', 'Uttar Pradesh', 'INDIA'),
(565, 'Sitapur', 'Uttar Pradesh', 'INDIA'),
(566, 'Shahjahanpur', 'Uttar Pradesh', 'INDIA'),
(567, 'Khalilabad', 'Uttar Pradesh', 'INDIA'),
(568, 'Navgarh', 'Uttar Pradesh', 'INDIA'),
(569, 'Robertsganj', 'Uttar Pradesh', 'INDIA'),
(570, 'Gyanpur', 'Uttar Pradesh', 'INDIA'),
(571, 'Sultanpur', 'Uttar Pradesh', 'INDIA'),
(572, 'Shravasti', 'Uttar Pradesh', 'INDIA'),
(573, 'Unnao', 'Uttar Pradesh', 'INDIA'),
(574, 'Varanasi', 'Uttar Pradesh', 'INDIA'),
(575, 'Almora', 'Uttarakhand', 'INDIA'),
(576, 'Bageshwar', 'Uttarakhand', 'INDIA'),
(577, 'Gopeshwar', 'Uttarakhand', 'INDIA'),
(578, 'Champawat', 'Uttarakhand', 'INDIA'),
(579, 'Dehradun', 'Uttarakhand', 'INDIA'),
(580, 'Haridwar', 'Uttarakhand', 'INDIA'),
(581, 'Nainital', 'Uttarakhand', 'INDIA'),
(582, 'Pauri', 'Uttarakhand', 'INDIA'),
(583, 'Pithoragarh', 'Uttarakhand', 'INDIA'),
(584, 'Rudraprayag', 'Uttarakhand', 'INDIA'),
(585, 'New Tehri', 'Uttarakhand', 'INDIA'),
(586, 'Rudrapur', 'Uttarakhand', 'INDIA'),
(587, 'Uttarkashi', 'Uttarakhand', 'INDIA'),
(588, 'Suri', 'West Bengal', 'INDIA'),
(589, 'Bankura', 'West Bengal', 'INDIA'),
(590, 'Bardhaman', 'West Bengal', 'INDIA'),
(591, 'Darjeeling', 'West Bengal', 'INDIA'),
(592, 'Balurghat', 'West Bengal', 'INDIA'),
(593, 'Hugli-Chuchura', 'West Bengal', 'INDIA'),
(594, 'Howrah', 'West Bengal', 'INDIA'),
(595, 'Jalpaiguri', 'West Bengal', 'INDIA'),
(596, 'Cooch Behar', 'West Bengal', 'INDIA'),
(597, 'Kolkata', 'West Bengal', 'INDIA'),
(598, 'English Bazar', 'West Bengal', 'INDIA'),
(599, 'Midnapore', 'West Bengal', 'INDIA'),
(600, 'Tamluk', 'West Bengal', 'INDIA'),
(601, 'Baharampur', 'West Bengal', 'INDIA'),
(602, 'Krishnanagar', 'West Bengal', 'INDIA'),
(603, 'Barasat', 'West Bengal', 'INDIA'),
(604, 'Krishnagiri', 'Tamil Nadu', 'INDIA'),
(605, 'Sonitpur', 'Assam', 'INDIA');

-- --------------------------------------------------------

--
-- Table structure for table `communication_details`
--

CREATE TABLE `communication_details` (
  `personal_id` int(11) NOT NULL,
  `type_of_address` varchar(20) NOT NULL COMMENT '0 is Present or 1 is Permanent',
  `phone_no` varchar(15) NOT NULL,
  `street_address` varchar(255) NOT NULL,
  `city` varchar(25) NOT NULL,
  `state` varchar(25) NOT NULL,
  `country` varchar(25) NOT NULL,
  `pin_no` int(11) NOT NULL,
  `created_at` timestamp NOT NULL DEFAULT CURRENT_TIMESTAMP,
  `modified_at` timestamp NULL DEFAULT NULL
) ENGINE=MyISAM DEFAULT CHARSET=latin1;

--
-- Dumping data for table `communication_details`
--

INSERT INTO `communication_details` (`personal_id`, `type_of_address`, `phone_no`, `street_address`, `city`, `state`, `country`, `pin_no`, `created_at`, `modified_at`) VALUES
(1, '1.Present', '8884074278', 'Chittoor Keel Street, Idappadi', 'Salem', 'Tamil Nadu', 'India', 637101, '2020-01-10 05:01:18', NULL),
(1, '2.Permanent', '8884074278', 'Chittoor Keel Street, Idappadi', 'Salem', 'Tamil Nadu', 'India', 637101, '2020-01-10 05:01:18', NULL),
(3, '1.Present', '9999999999', 'Idappadi', 'Salem', 'Tamil Nadu', 'India', 637101, '2020-01-10 05:13:20', NULL),
(3, '2.Permanent', '9999999999', 'Idappadi', 'Salem', 'Tamil Nadu', 'India', 637101, '2020-01-10 05:13:20', NULL),
(6, '1.Present', '2020202020', 'test', 'Salem', 'Tamil Nadu', 'India', 505050, '2020-01-17 11:59:08', NULL),
(6, '2.Permanent', '3030303030', 'test', 'Salem', 'Tamil Nadu', 'India', 505050, '2020-01-17 11:59:08', NULL);

-- --------------------------------------------------------

--
-- Table structure for table `departments`
--

CREATE TABLE `departments` (
  `id` int(11) NOT NULL,
  `dept_name` varchar(65) NOT NULL,
  `status` tinyint(4) NOT NULL
) ENGINE=MyISAM DEFAULT CHARSET=latin1;

--
-- Dumping data for table `departments`
--

INSERT INTO `departments` (`id`, `dept_name`, `status`) VALUES
(1, 'Tamil', 1),
(2, 'English', 1),
(3, 'Mathematics', 1),
(4, 'Physics', 1),
(5, 'Chemistry', 1),
(6, 'Bio Technology', 1),
(7, 'Computer Science', 1),
(8, 'Commerce', 1),
(9, 'Statistics', 1),
(10, 'Social Work', 1),
(11, 'Journalism and Mass communication', 1);

-- --------------------------------------------------------

--
-- Table structure for table `education_details`
--

CREATE TABLE `education_details` (
  `personal_id` int(11) NOT NULL,
  `degree` varchar(55) NOT NULL,
  `specialization` varchar(55) NOT NULL,
  `mos` varchar(55) NOT NULL,
  `college` varchar(120) NOT NULL,
  `aff_university` varchar(65) NOT NULL,
  `yoj` date DEFAULT NULL,
  `yop` date DEFAULT NULL,
  `percentage` varchar(15) NOT NULL,
  `created_at` timestamp NOT NULL DEFAULT CURRENT_TIMESTAMP,
  `modified_at` timestamp NULL DEFAULT NULL
) ENGINE=MyISAM DEFAULT CHARSET=latin1;

--
-- Dumping data for table `education_details`
--

INSERT INTO `education_details` (`personal_id`, `degree`, `specialization`, `mos`, `college`, `aff_university`, `yoj`, `yop`, `percentage`, `created_at`, `modified_at`) VALUES
(1, 'MCA', 'Computer Application', 'Regular', 'Dr.NGPIT', 'Anna University', '2020-01-06', '2020-01-30', '80', '2020-01-10 05:02:07', NULL),
(3, 'M.Tech', 'ECE', 'Regular', 'Erode Arts College', 'Barathiyar ', '2020-01-01', '2020-01-31', '70', '2020-01-10 05:15:46', NULL),
(6, 'test', 'test', 'test', 'test', 'test', '2020-01-01', '2020-01-30', '00', '2020-01-17 11:59:30', NULL);

-- --------------------------------------------------------

--
-- Table structure for table `experience_details`
--

CREATE TABLE `experience_details` (
  `personal_id` int(11) NOT NULL,
  `exp_college` varchar(120) NOT NULL,
  `university` varchar(55) NOT NULL,
  `designation` varchar(120) NOT NULL,
  `doj` date NOT NULL,
  `dol` date NOT NULL,
  `doe` varchar(35) NOT NULL,
  `created_at` timestamp NOT NULL DEFAULT CURRENT_TIMESTAMP,
  `modified_at` timestamp NOT NULL DEFAULT '0000-00-00 00:00:00'
) ENGINE=MyISAM DEFAULT CHARSET=latin1;

--
-- Dumping data for table `experience_details`
--

INSERT INTO `experience_details` (`personal_id`, `exp_college`, `university`, `designation`, `doj`, `dol`, `doe`, `created_at`, `modified_at`) VALUES
(1, '-', '-', '-', '2020-01-08', '2020-01-31', '3', '2020-01-10 05:02:24', '0000-00-00 00:00:00'),
(3, '-', '-', '-', '2020-01-07', '2020-01-31', '0', '2020-01-10 05:16:13', '0000-00-00 00:00:00'),
(6, '-', '-', '-', '2020-01-01', '2020-01-30', '0', '2020-01-17 11:59:48', '0000-00-00 00:00:00');

-- --------------------------------------------------------

--
-- Table structure for table `joining_details`
--

CREATE TABLE `joining_details` (
  `personal_id` int(11) NOT NULL,
  `date_of_joining` date DEFAULT NULL,
  `current_salary` varchar(25) NOT NULL,
  `expected_salary` varchar(25) NOT NULL,
  `created_at` timestamp NOT NULL DEFAULT CURRENT_TIMESTAMP,
  `modified_at` timestamp NULL DEFAULT NULL
) ENGINE=MyISAM DEFAULT CHARSET=latin1;

--
-- Dumping data for table `joining_details`
--

INSERT INTO `joining_details` (`personal_id`, `date_of_joining`, `current_salary`, `expected_salary`, `created_at`, `modified_at`) VALUES
(1, '2020-02-01', '45000', '50000', '2020-01-10 05:03:20', NULL),
(3, '2020-02-01', '0', '0', '2020-01-10 05:17:08', NULL),
(6, '2020-01-01', '00', '00', '2020-01-17 12:00:32', NULL);

-- --------------------------------------------------------

--
-- Table structure for table `personal_details`
--

CREATE TABLE `personal_details` (
  `personal_id` int(11) NOT NULL,
  `department` varchar(110) NOT NULL,
  `first_name` varchar(55) NOT NULL,
  `last_name` varchar(55) NOT NULL,
  `dob` date DEFAULT NULL,
  `gender` varchar(15) NOT NULL,
  `father_name` varchar(45) NOT NULL,
  `father_occupation` varchar(120) NOT NULL,
  `married_status` varchar(55) NOT NULL,
  `nationality` varchar(55) NOT NULL,
  `religion` varchar(35) NOT NULL,
  `community` varchar(35) NOT NULL,
  `caste` varchar(120) NOT NULL,
  `mother_tongue` varchar(35) NOT NULL,
  `phone_no` varchar(10) NOT NULL,
  `email_id` varchar(120) NOT NULL,
  `native_place` varchar(55) NOT NULL,
  `profile_status` tinyint(4) NOT NULL DEFAULT '0' COMMENT '0 is intial 1 is Selected or 2 is Rejected',
  `status` smallint(4) NOT NULL,
  `reg_status` tinyint(4) NOT NULL DEFAULT '0' COMMENT '1 is complete or 0 is in compm',
  `created_on` timestamp NOT NULL DEFAULT CURRENT_TIMESTAMP
) ENGINE=MyISAM DEFAULT CHARSET=latin1;

--
-- Dumping data for table `personal_details`
--

INSERT INTO `personal_details` (`personal_id`, `department`, `first_name`, `last_name`, `dob`, `gender`, `father_name`, `father_occupation`, `married_status`, `nationality`, `religion`, `community`, `caste`, `mother_tongue`, `phone_no`, `email_id`, `native_place`, `profile_status`, `status`, `reg_status`, `created_on`) VALUES
(1, '7', 'Suresh', 'Subramani', '2020-01-29', 'Male', 'Subramani', 'Former', 'Married', 'Indian', 'Hindu', 'Others', 'Others', 'Tamil', '8884074278', 'sureshsubramani1986@gmail.com', 'Salem', 1, 1, 1, '2020-01-10 05:00:29'),
(4, '1', 'Ramesh', 'Subramani', '2020-01-15', 'Male', 'Subramani', 'Former', 'Un-Married', 'indian', 'Hindu', 'Others', 'Others', 'Tamil', '6666666666', 'rameshmca@gmail.com', 'Salem', 0, 1, 0, '2020-01-13 09:47:01'),
(2, '5', 'Ram', 'Arthanari', '2020-01-01', 'Male', 'Arthanari', 'Former', 'Married', 'Indian', 'Hindu', 'Others', 'Others', 'Tamil', '8888888888', 'rams@gmail.com', 'Salem', 0, 1, 0, '2020-01-10 05:09:14'),
(3, '3', 'Mani', 'Kandan', '2020-01-13', 'Male', 'Kandan', 'Former', 'Un-Married', 'Indian', 'Hindu', 'Others', 'Others', 'Tamil', '9999999999', 'mani@gmail.com', 'Salem', 0, 1, 1, '2020-01-10 05:12:43'),
(5, '4', 'Theekshana', 'Suresh', '2016-12-28', 'Female', 'Suresh ', 'IT', 'Un-Married', 'Indian', 'Hindu', 'Others', 'Others', 'Tamil', '5555555555', 'theekshisuresh@gmail.com', 'Salem', 0, 1, 0, '2020-01-13 12:05:42'),
(6, '6', 'test', 'test', '2020-01-06', 'Male', 'test', 'test', 'Un-Married', 'Indian', 'Test', 'Others', 'Others', 'Test', '2020202020', 'test@gmail.com', 'Salem', 0, 1, 1, '2020-01-17 11:58:42');

-- --------------------------------------------------------

--
-- Table structure for table `team_details`
--

CREATE TABLE `team_details` (
  `id` int(11) NOT NULL,
  `personal_id` int(11) NOT NULL,
  `emp_id` varchar(55) NOT NULL,
  `biometric_id` varchar(55) NOT NULL,
  `full_name` varchar(120) NOT NULL,
  `dept_name` tinyint(4) NOT NULL,
  `offer_letter` tinyint(4) NOT NULL COMMENT '1 is Given pr 0 is Not Given',
  `no_due` tinyint(4) NOT NULL COMMENT '0 is Pending Due or 1 is No Due',
  `relieving_letter` int(4) NOT NULL COMMENT '1 is Given or 0 Not Given',
  `relieving_status` varchar(120) NOT NULL,
  `status` int(4) NOT NULL COMMENT '1 is Active or 0 is Deactive',
  `created_at` datetime NOT NULL DEFAULT CURRENT_TIMESTAMP,
  `modified_at` datetime DEFAULT NULL
) ENGINE=MyISAM DEFAULT CHARSET=latin1;

--
-- Dumping data for table `team_details`
--

INSERT INTO `team_details` (`id`, `personal_id`, `emp_id`, `biometric_id`, `full_name`, `dept_name`, `offer_letter`, `no_due`, `relieving_letter`, `relieving_status`, `status`, `created_at`, `modified_at`) VALUES
(1, 1, 'MEMP0001', 'MBIOP0001', 'Suresh Subramani', 7, 0, 0, 0, '', 1, '2020-01-10 12:48:22', NULL),
(3, 3, '', '', 'Mani Kandan', 3, 0, 0, 0, '', 1, '2020-01-13 10:02:32', NULL);

--
-- Indexes for dumped tables
--

--
-- Indexes for table `admin`
--
ALTER TABLE `admin`
  ADD PRIMARY KEY (`id`);

--
-- Indexes for table `caste_name`
--
ALTER TABLE `caste_name`
  ADD PRIMARY KEY (`caste_id`);

--
-- Indexes for table `city`
--
ALTER TABLE `city`
  ADD PRIMARY KEY (`sno`);

--
-- Indexes for table `departments`
--
ALTER TABLE `departments`
  ADD PRIMARY KEY (`id`);

--
-- Indexes for table `personal_details`
--
ALTER TABLE `personal_details`
  ADD PRIMARY KEY (`personal_id`),
  ADD UNIQUE KEY `email_id` (`ema